,antecedents,consequents,antecedent support,consequent support,support,confidence,lift,leverage,conviction
0,({'diamond bangle'}),({'diamond'}),0.280130293,0.306188925,0.114006515,0.406976744,1.329168728,0.028233721,1.16995593
1,({'diamond'}),({'diamond bangle'}),0.306188925,0.280130293,0.114006515,0.372340426,1.329168728,0.028233721,1.146911058
2,({'diamond'}),({'diamond bracelet'}),0.306188925,0.428338762,0.16286645,0.531914894,1.241808915,0.031713864,1.221276281
3,({'diamond bracelet'}),({'diamond'}),0.428338762,0.306188925,0.16286645,0.380228137,1.241808915,0.031713864,1.119462041
4,({'diamond earring'}),({'diamond'}),0.552117264,0.306188925,0.208469055,0.377581121,1.233163874,0.039416864,1.114701206
5,({'diamond'}),({'diamond earring'}),0.306188925,0.552117264,0.208469055,0.680851064,1.233163874,0.039416864,1.403365907
6,({'diamond necklace'}),({'diamond'}),0.205211726,0.306188925,0.094462541,0.46031746,1.503377237,0.031628983,1.285591109
7,({'diamond'}),({'diamond necklace'}),0.306188925,0.205211726,0.094462541,0.308510638,1.503377237,0.031628983,1.149386119
8,({'diamond pendant'}),({'diamond'}),0.560260586,0.306188925,0.21009772,0.375,1.224734043,0.038552133,1.11009772
9,({'diamond'}),({'diamond pendant'}),0.306188925,0.560260586,0.21009772,0.686170213,1.224734043,0.038552133,1.401203555
10,({'diamond'}),({'diamond ring'}),0.306188925,0.785016287,0.267100977,0.872340426,1.111238633,0.026737684,1.684039088
11,({'diamond ring'}),({'diamond'}),0.785016287,0.306188925,0.267100977,0.340248963,1.111238633,0.026737684,1.051625592
12,({'diamond'}),({'multi tourmaline'}),0.306188925,0.237785016,0.100977199,0.329787234,1.386913436,0.02817006,1.13727315
13,({'multi tourmaline'}),({'diamond'}),0.237785016,0.306188925,0.100977199,0.424657534,1.386913436,0.02817006,1.205909725
14,({'diamond bangle'}),({'diamond bracelet'}),0.280130293,0.428338762,0.148208469,0.529069767,1.235166681,0.028217806,1.213897937
15,({'diamond bracelet'}),({'diamond bangle'}),0.428338762,0.280130293,0.148208469,0.346007605,1.235166681,0.028217806,1.100731005
16,({'diamond earring'}),({'diamond bangle'}),0.552117264,0.280130293,0.180781759,0.327433628,1.168861906,0.026116988,1.07033259
17,({'diamond bangle'}),({'diamond earring'}),0.280130293,0.552117264,0.180781759,0.645348837,1.168861906,0.026116988,1.262882469
18,({'diamond necklace'}),({'diamond bangle'}),0.205211726,0.280130293,0.086319218,0.420634921,1.501568845,0.028833197,1.242514836
19,({'diamond bangle'}),({'diamond necklace'}),0.280130293,0.205211726,0.086319218,0.308139535,1.501568845,0.028833197,1.148769606
20,({'diamond pendant'}),({'diamond bangle'}),0.560260586,0.280130293,0.172638436,0.308139535,1.099986479,0.015692474,1.040483946
21,({'diamond bangle'}),({'diamond pendant'}),0.280130293,0.560260586,0.172638436,0.61627907,1.099986479,0.015692474,1.145987563
22,({'diamond bangle'}),({'diamond ring'}),0.280130293,0.785016287,0.239413681,0.854651163,1.088705008,0.019506838,1.479087948
23,({'diamond ring'}),({'diamond bangle'}),0.785016287,0.280130293,0.239413681,0.304979253,1.088705008,0.019506838,1.035752832
24,({'diamond earring'}),({'diamond bracelet'}),0.552117264,0.428338762,0.291530945,0.528023599,1.232724295,0.055037719,1.211207248
25,({'diamond bracelet'}),({'diamond earring'}),0.428338762,0.552117264,0.291530945,0.680608365,1.232724295,0.055037719,1.402299519
26,({'diamond necklace'}),({'diamond bracelet'}),0.205211726,0.428338762,0.122149837,0.595238095,1.38964331,0.0342497,1.412339529
27,({'diamond bracelet'}),({'diamond necklace'}),0.428338762,0.205211726,0.122149837,0.285171103,1.38964331,0.0342497,1.111858064
28,({'diamond pendant'}),({'diamond bracelet'}),0.560260586,0.428338762,0.278501629,0.497093023,1.16051375,0.038520303,1.136713675
29,({'diamond bracelet'}),({'diamond pendant'}),0.428338762,0.560260586,0.278501629,0.650190114,1.16051375,0.038520303,1.25708115
30,({'diamond bracelet'}),({'diamond ring'}),0.428338762,0.785016287,0.374592834,0.874524715,1.11402111,0.038339929,1.713355049
31,({'diamond ring'}),({'diamond bracelet'}),0.785016287,0.428338762,0.374592834,0.477178423,1.11402111,0.038339929,1.093415542
32,({'diamond bracelet'}),({'multi tourmaline'}),0.428338762,0.237785016,0.102605863,0.239543726,1.007396219,0.000753324,1.002312704
33,({'multi tourmaline'}),({'diamond bracelet'}),0.237785016,0.428338762,0.102605863,0.431506849,1.007396219,0.000753324,1.00557278
34,({'diamond earring'}),({'diamond choker necklace'}),0.552117264,0.138436482,0.100977199,0.182890855,1.321117474,0.024544027,1.05440445
35,({'diamond choker necklace'}),({'diamond earring'}),0.138436482,0.552117264,0.100977199,0.729411765,1.321117474,0.024544027,1.655218808
36,({'diamond pendant'}),({'diamond choker necklace'}),0.560260586,0.138436482,0.096091205,0.171511628,1.238919289,0.018530701,1.039922281
37,({'diamond choker necklace'}),({'diamond pendant'}),0.138436482,0.560260586,0.096091205,0.694117647,1.238919289,0.018530701,1.437609622
38,({'diamond choker necklace'}),({'diamond ring'}),0.138436482,0.785016287,0.122149837,0.882352941,1.123993166,0.013474944,1.827361564
39,({'diamond ring'}),({'diamond choker necklace'}),0.785016287,0.138436482,0.122149837,0.15560166,1.123993166,0.013474944,1.020328294
40,({'diamond necklace'}),({'diamond earring'}),0.205211726,0.552117264,0.146579805,0.714285714,1.293721028,0.033278868,1.567589577
41,({'diamond earring'}),({'diamond necklace'}),0.552117264,0.205211726,0.146579805,0.265486726,1.293721028,0.033278868,1.082061144
42,({'diamond pendant'}),({'diamond earring'}),0.560260586,0.552117264,0.385993485,0.688953488,1.247839062,0.076663943,1.439922068
43,({'diamond earring'}),({'diamond pendant'}),0.552117264,0.560260586,0.385993485,0.699115044,1.247839062,0.076663943,1.461486875
44,({'diamond earring'}),({'diamond ring'}),0.552117264,0.785016287,0.46742671,0.84660767,1.078458733,0.034005666,1.401528439
45,({'diamond ring'}),({'diamond earring'}),0.785016287,0.552117264,0.46742671,0.595435685,1.078458733,0.034005666,1.10707425
46,({'diamond earring'}),({'multi tourmaline'}),0.552117264,0.237785016,0.148208469,0.268436578,1.128904514,0.016923256,1.041898708
47,({'multi tourmaline'}),({'diamond earring'}),0.237785016,0.552117264,0.148208469,0.623287671,1.128904514,0.016923256,1.188925081
48,({'diamond pendant'}),({'diamond necklace'}),0.560260586,0.205211726,0.135179153,0.24127907,1.175756737,0.020207111,1.047537035
49,({'diamond necklace'}),({'diamond pendant'}),0.205211726,0.560260586,0.135179153,0.658730159,1.175756737,0.020207111,1.288538747
50,({'diamond necklace'}),({'diamond ring'}),0.205211726,0.785016287,0.179153094,0.873015873,1.112099058,0.018058547,1.692996743
51,({'diamond ring'}),({'diamond necklace'}),0.785016287,0.205211726,0.179153094,0.228215768,1.112099058,0.018058547,1.029806312
52,({'diamond pendant'}),({'diamond ring'}),0.560260586,0.785016287,0.472312704,0.843023256,1.073892695,0.032499019,1.369525878
53,({'diamond ring'}),({'diamond pendant'}),0.785016287,0.560260586,0.472312704,0.601659751,1.073892695,0.032499019,1.103929153
54,({'diamond pendant'}),({'multi tourmaline'}),0.560260586,0.237785016,0.143322476,0.255813953,1.075820325,0.010100903,1.024226384
55,({'multi tourmaline'}),({'diamond pendant'}),0.237785016,0.560260586,0.143322476,0.602739726,1.075820325,0.010100903,1.106930248
56,({'gold earring'}),({'diamond ring'}),0.104234528,0.785016287,0.084690554,0.8125,1.035010373,0.002864752,1.146579805
57,({'diamond ring'}),({'gold earring'}),0.785016287,0.104234528,0.084690554,0.107883817,1.035010373,0.002864752,1.004090599
58,({'multi tourmaline'}),({'diamond ring'}),0.237785016,0.785016287,0.188925081,0.794520548,1.012107088,0.002259971,1.046254072
59,({'diamond ring'}),({'multi tourmaline'}),0.785016287,0.237785016,0.188925081,0.2406639,1.012107088,0.002259971,1.003791317
60,"({'diamond bangle', 'diamond earring'})",({'diamond'}),0.180781759,0.306188925,0.081433225,0.45045045,1.471152003,0.026079852,1.262508677
61,"({'diamond earring', 'diamond'})",({'diamond bangle'}),0.208469055,0.280130293,0.081433225,0.390625,1.394440407,0.023034727,1.181324647
62,"({'diamond bangle', 'diamond'})",({'diamond earring'}),0.114006515,0.552117264,0.081433225,0.714285714,1.293721028,0.01848826,1.567589577
63,({'diamond earring'}),"({'diamond bangle', 'diamond'})",0.552117264,0.114006515,0.081433225,0.147492625,1.293721028,0.01848826,1.039279555
64,({'diamond bangle'}),"({'diamond earring', 'diamond'})",0.280130293,0.208469055,0.081433225,0.290697674,1.394440407,0.023034727,1.115928873
65,({'diamond'}),"({'diamond bangle', 'diamond earring'})",0.306188925,0.180781759,0.081433225,0.265957447,1.471152003,0.026079852,1.116036444
66,"({'diamond bangle', 'diamond'})",({'diamond ring'}),0.114006515,0.785016287,0.100977199,0.885714286,1.128275044,0.011480228,1.881107492
67,"({'diamond bangle', 'diamond ring'})",({'diamond'}),0.239413681,0.306188925,0.100977199,0.421768707,1.377478651,0.027671381,1.199885035
68,"({'diamond', 'diamond ring'})",({'diamond bangle'}),0.267100977,0.280130293,0.100977199,0.37804878,1.349546228,0.026154124,1.157437568
69,({'diamond bangle'}),"({'diamond', 'diamond ring'})",0.280130293,0.267100977,0.100977199,0.360465116,1.349546228,0.026154124,1.145987563
70,({'diamond'}),"({'diamond bangle', 'diamond ring'})",0.306188925,0.239413681,0.100977199,0.329787234,1.377478651,0.027671381,1.134843079
71,({'diamond ring'}),"({'diamond bangle', 'diamond'})",0.785016287,0.114006515,0.100977199,0.128630705,1.128275044,0.011480228,1.016783
72,"({'diamond earring', 'diamond'})",({'diamond bracelet'}),0.208469055,0.428338762,0.118892508,0.5703125,1.331451996,0.029597131,1.330411608
73,"({'diamond earring', 'diamond bracelet'})",({'diamond'}),0.291530945,0.306188925,0.118892508,0.407821229,1.33192678,0.029628962,1.171624362
74,"({'diamond', 'diamond bracelet'})",({'diamond earring'}),0.16286645,0.552117264,0.118892508,0.73,1.322182891,0.02897113,1.658824949
75,({'diamond earring'}),"({'diamond', 'diamond bracelet'})",0.552117264,0.16286645,0.118892508,0.215339233,1.322182891,0.02897113,1.066873209
76,({'diamond'}),"({'diamond earring', 'diamond bracelet'})",0.306188925,0.291530945,0.118892508,0.388297872,1.33192678,0.029628962,1.158192891
77,({'diamond bracelet'}),"({'diamond earring', 'diamond'})",0.428338762,0.208469055,0.118892508,0.27756654,1.331451996,0.029597131,1.095645465
78,"({'diamond pendant', 'diamond'})",({'diamond bracelet'}),0.21009772,0.428338762,0.120521173,0.573643411,1.339228343,0.030528175,1.340805449
79,"({'diamond pendant', 'diamond bracelet'})",({'diamond'}),0.278501629,0.306188925,0.120521173,0.432748538,1.41333831,0.035247058,1.223110245
80,"({'diamond', 'diamond bracelet'})",({'diamond pendant'}),0.16286645,0.560260586,0.120521173,0.74,1.320813953,0.02927352,1.691305437
81,({'diamond pendant'}),"({'diamond', 'diamond bracelet'})",0.560260586,0.16286645,0.120521173,0.215116279,1.320813953,0.02927352,1.066570153
82,({'diamond'}),"({'diamond pendant', 'diamond bracelet'})",0.306188925,0.278501629,0.120521173,0.393617021,1.41333831,0.035247058,1.189839419
83,({'diamond bracelet'}),"({'diamond pendant', 'diamond'})",0.428338762,0.21009772,0.120521173,0.281368821,1.339228343,0.030528175,1.099176189
84,"({'diamond', 'diamond bracelet'})",({'diamond ring'}),0.16286645,0.785016287,0.156351792,0.96,1.222904564,0.028498976,5.374592834
85,"({'diamond', 'diamond ring'})",({'diamond bracelet'}),0.267100977,0.428338762,0.156351792,0.585365854,1.366595567,0.04194209,1.378712397
86,"({'diamond bracelet', 'diamond ring'})",({'diamond'}),0.374592834,0.306188925,0.156351792,0.417391304,1.363182239,0.041655614,1.190869755
87,({'diamond'}),"({'diamond bracelet', 'diamond ring'})",0.306188925,0.374592834,0.156351792,0.510638298,1.363182239,0.041655614,1.278005948
88,({'diamond bracelet'}),"({'diamond', 'diamond ring'})",0.428338762,0.267100977,0.156351792,0.365019011,1.366595567,0.04194209,1.154206245
89,({'diamond ring'}),"({'diamond', 'diamond bracelet'})",0.785016287,0.16286645,0.156351792,0.199170124,1.222904564,0.028498976,1.045332568
90,"({'diamond pendant', 'diamond earring'})",({'diamond'}),0.385993485,0.306188925,0.166123779,0.430379747,1.405601939,0.047936848,1.218023887
91,"({'diamond pendant', 'diamond'})",({'diamond earring'}),0.21009772,0.552117264,0.166123779,0.790697674,1.432119092,0.0501252,2.139884184
92,"({'diamond earring', 'diamond'})",({'diamond pendant'}),0.208469055,0.560260586,0.166123779,0.796875,1.422329215,0.049326783,2.16487096
93,({'diamond pendant'}),"({'diamond earring', 'diamond'})",0.560260586,0.208469055,0.166123779,0.296511628,1.422329215,0.049326783,1.125151425
94,({'diamond earring'}),"({'diamond pendant', 'diamond'})",0.552117264,0.21009772,0.166123779,0.300884956,1.432119092,0.0501252,1.129860223
95,({'diamond'}),"({'diamond pendant', 'diamond earring'})",0.306188925,0.385993485,0.166123779,0.542553191,1.405601939,0.047936848,1.342246799
96,"({'diamond earring', 'diamond'})",({'diamond ring'}),0.208469055,0.785016287,0.193811075,0.9296875,1.184290716,0.030159471,3.057546145
97,"({'diamond earring', 'diamond ring'})",({'diamond'}),0.46742671,0.306188925,0.193811075,0.414634146,1.354177478,0.050690193,1.185260586
98,"({'diamond', 'diamond ring'})",({'diamond earring'}),0.267100977,0.552117264,0.193811075,0.725609756,1.31423124,0.046340014,1.63228375
99,({'diamond earring'}),"({'diamond', 'diamond ring'})",0.552117264,0.267100977,0.193811075,0.351032448,1.31423124,0.046340014,1.129330767
100,({'diamond'}),"({'diamond earring', 'diamond ring'})",0.306188925,0.46742671,0.193811075,0.632978723,1.354177478,0.050690193,1.451069254
101,({'diamond ring'}),"({'diamond earring', 'diamond'})",0.785016287,0.208469055,0.193811075,0.246887967,1.184290716,0.030159471,1.051013541
102,"({'diamond necklace', 'diamond'})",({'diamond ring'}),0.094462541,0.785016287,0.087947883,0.931034483,1.186006582,0.01379325,3.117263844
103,"({'diamond necklace', 'diamond ring'})",({'diamond'}),0.179153094,0.306188925,0.087947883,0.490909091,1.603288201,0.033093189,1.362843183
104,"({'diamond', 'diamond ring'})",({'diamond necklace'}),0.267100977,0.205211726,0.087947883,0.329268293,1.604529617,0.03313563,1.184957062
105,({'diamond necklace'}),"({'diamond', 'diamond ring'})",0.205211726,0.267100977,0.087947883,0.428571429,1.604529617,0.03313563,1.28257329
106,({'diamond'}),"({'diamond necklace', 'diamond ring'})",0.306188925,0.179153094,0.087947883,0.287234043,1.603288201,0.033093189,1.151635957
107,({'diamond ring'}),"({'diamond necklace', 'diamond'})",0.785016287,0.094462541,0.087947883,0.112033195,1.186006582,0.01379325,1.019787513
108,"({'diamond pendant', 'diamond'})",({'diamond ring'}),0.21009772,0.785016287,0.195439739,0.930232558,1.184985043,0.030509608,3.081433225
109,"({'diamond pendant', 'diamond ring'})",({'diamond'}),0.472312704,0.306188925,0.195439739,0.413793103,1.351430668,0.05082282,1.183560069
110,"({'diamond', 'diamond ring'})",({'diamond pendant'}),0.267100977,0.560260586,0.195439739,0.731707317,1.306012479,0.045793589,1.639028724
111,({'diamond pendant'}),"({'diamond', 'diamond ring'})",0.560260586,0.267100977,0.195439739,0.348837209,1.306012479,0.045793589,1.125523499
112,({'diamond'}),"({'diamond pendant', 'diamond ring'})",0.306188925,0.472312704,0.195439739,0.638297872,1.351430668,0.05082282,1.458900172
113,({'diamond ring'}),"({'diamond pendant', 'diamond'})",0.785016287,0.21009772,0.195439739,0.248962656,1.184985043,0.030509608,1.05174834
114,"({'diamond', 'multi tourmaline'})",({'diamond ring'}),0.100977199,0.785016287,0.092833876,0.919354839,1.171128363,0.013565131,2.665798046
115,"({'diamond', 'diamond ring'})",({'multi tourmaline'}),0.267100977,0.237785016,0.092833876,0.347560976,1.461660541,0.029321266,1.168254741
116,"({'multi tourmaline', 'diamond ring'})",({'diamond'}),0.188925081,0.306188925,0.092833876,0.49137931,1.604823918,0.034987109,1.36410313
117,({'diamond'}),"({'multi tourmaline', 'diamond ring'})",0.306188925,0.188925081,0.092833876,0.303191489,1.604823918,0.034987109,1.163985379
118,({'multi tourmaline'}),"({'diamond', 'diamond ring'})",0.237785016,0.267100977,0.092833876,0.390410959,1.461660541,0.029321266,1.20228379
119,({'diamond ring'}),"({'diamond', 'multi tourmaline'})",0.785016287,0.100977199,0.092833876,0.118257261,1.171128363,0.013565131,1.019597624
120,"({'diamond bangle', 'diamond earring'})",({'diamond bracelet'}),0.180781759,0.428338762,0.109120521,0.603603604,1.409173432,0.031684686,1.442145395
121,"({'diamond earring', 'diamond bracelet'})",({'diamond bangle'}),0.291530945,0.280130293,0.109120521,0.374301676,1.336169936,0.027453872,1.150506049
122,"({'diamond bangle', 'diamond bracelet'})",({'diamond earring'}),0.148208469,0.552117264,0.109120521,0.736263736,1.333527829,0.027292067,1.698222041
123,({'diamond earring'}),"({'diamond bangle', 'diamond bracelet'})",0.552117264,0.148208469,0.109120521,0.197640118,1.333527829,0.027292067,1.061607827
124,({'diamond bangle'}),"({'diamond earring', 'diamond bracelet'})",0.280130293,0.291530945,0.109120521,0.389534884,1.336169936,0.027453872,1.160539786
125,({'diamond bracelet'}),"({'diamond bangle', 'diamond earring'})",0.428338762,0.180781759,0.109120521,0.254752852,1.409173432,0.031684686,1.09925713
126,"({'diamond pendant', 'diamond bangle'})",({'diamond bracelet'}),0.172638436,0.428338762,0.105863192,0.613207547,1.431594806,0.031915458,1.477953444
127,"({'diamond pendant', 'diamond bracelet'})",({'diamond bangle'}),0.278501629,0.280130293,0.105863192,0.380116959,1.356929145,0.027846449,1.161299244
128,"({'diamond bangle', 'diamond bracelet'})",({'diamond pendant'}),0.148208469,0.560260586,0.105863192,0.714285714,1.274916944,0.022827828,1.539087948
129,({'diamond pendant'}),"({'diamond bangle', 'diamond bracelet'})",0.560260586,0.148208469,0.105863192,0.188953488,1.274916944,0.022827828,1.050237587
130,({'diamond bangle'}),"({'diamond pendant', 'diamond bracelet'})",0.280130293,0.278501629,0.105863192,0.377906977,1.356929145,0.027846449,1.159791774
131,({'diamond bracelet'}),"({'diamond pendant', 'diamond bangle'})",0.428338762,0.172638436,0.105863192,0.247148289,1.431594806,0.031915458,1.098970158
132,"({'diamond bangle', 'diamond bracelet'})",({'diamond ring'}),0.148208469,0.785016287,0.138436482,0.934065934,1.189868223,0.02209042,3.260586319
133,"({'diamond bangle', 'diamond ring'})",({'diamond bracelet'}),0.239413681,0.428338762,0.138436482,0.578231293,1.349939215,0.035886322,1.355390354
134,"({'diamond bracelet', 'diamond ring'})",({'diamond bangle'}),0.374592834,0.280130293,0.138436482,0.369565217,1.319261881,0.033501682,1.141862294
135,({'diamond bangle'}),"({'diamond bracelet', 'diamond ring'})",0.280130293,0.374592834,0.138436482,0.494186047,1.319261881,0.033501682,1.236437156
136,({'diamond bracelet'}),"({'diamond bangle', 'diamond ring'})",0.428338762,0.239413681,0.138436482,0.323193916,1.349939215,0.035886322,1.123787651
137,({'diamond ring'}),"({'diamond bangle', 'diamond bracelet'})",0.785016287,0.148208469,0.138436482,0.176348548,1.189868223,0.02209042,1.034165033
138,"({'diamond pendant', 'diamond earring'})",({'diamond bangle'}),0.385993485,0.280130293,0.13029316,0.337552743,1.204984791,0.022164691,1.086682296
139,"({'diamond pendant', 'diamond bangle'})",({'diamond earring'}),0.172638436,0.552117264,0.13029316,0.754716981,1.36695052,0.034976498,1.825983463
140,"({'diamond bangle', 'diamond earring'})",({'diamond pendant'}),0.180781759,0.560260586,0.13029316,0.720720721,1.286402682,0.029008265,1.574550804
141,({'diamond pendant'}),"({'diamond bangle', 'diamond earring'})",0.560260586,0.180781759,0.13029316,0.23255814,1.286402682,0.029008265,1.067466193
142,({'diamond earring'}),"({'diamond pendant', 'diamond bangle'})",0.552117264,0.172638436,0.13029316,0.235988201,1.36695052,0.034976498,1.082917259
143,({'diamond bangle'}),"({'diamond pendant', 'diamond earring'})",0.280130293,0.385993485,0.13029316,0.465116279,1.204984791,0.022164691,1.147925223
144,"({'diamond bangle', 'diamond earring'})",({'diamond ring'}),0.180781759,0.785016287,0.161237785,0.891891892,1.136144443,0.01932116,1.988599349
145,"({'diamond earring', 'diamond ring'})",({'diamond bangle'}),0.46742671,0.280130293,0.161237785,0.344947735,1.231383194,0.030297404,1.098950031
146,"({'diamond bangle', 'diamond ring'})",({'diamond earring'}),0.239413681,0.552117264,0.161237785,0.673469388,1.219794112,0.029053359,1.371640879
147,({'diamond earring'}),"({'diamond bangle', 'diamond ring'})",0.552117264,0.239413681,0.161237785,0.292035398,1.219794112,0.029053359,1.074328176
148,({'diamond bangle'}),"({'diamond earring', 'diamond ring'})",0.280130293,0.46742671,0.161237785,0.575581395,1.231383194,0.030297404,1.254830217
149,({'diamond ring'}),"({'diamond bangle', 'diamond earring'})",0.785016287,0.180781759,0.161237785,0.205394191,1.136144443,0.01932116,1.030974392
150,"({'diamond pendant', 'diamond bangle'})",({'diamond ring'}),0.172638436,0.785016287,0.156351792,0.905660377,1.153683551,0.020827807,2.278827362
151,"({'diamond pendant', 'diamond ring'})",({'diamond bangle'}),0.472312704,0.280130293,0.156351792,0.331034483,1.181716119,0.024042695,1.076093892
152,"({'diamond bangle', 'diamond ring'})",({'diamond pendant'}),0.239413681,0.560260586,0.156351792,0.653061224,1.165638348,0.022217742,1.267484192
153,({'diamond pendant'}),"({'diamond bangle', 'diamond ring'})",0.560260586,0.239413681,0.156351792,0.279069767,1.165638348,0.022217742,1.05500683
154,({'diamond bangle'}),"({'diamond pendant', 'diamond ring'})",0.280130293,0.472312704,0.156351792,0.558139535,1.181716119,0.024042695,1.194239671
155,({'diamond ring'}),"({'diamond pendant', 'diamond bangle'})",0.785016287,0.172638436,0.156351792,0.199170124,1.153683551,0.020827807,1.033130243
156,"({'diamond necklace', 'diamond earring'})",({'diamond bracelet'}),0.146579805,0.428338762,0.096091205,0.655555556,1.530460499,0.033305393,1.659661658
157,"({'diamond necklace', 'diamond bracelet'})",({'diamond earring'}),0.122149837,0.552117264,0.096091205,0.786666667,1.424818092,0.028650171,2.099450326
158,"({'diamond earring', 'diamond bracelet'})",({'diamond necklace'}),0.291530945,0.205211726,0.096091205,0.329608939,1.606189589,0.036265637,1.185559175
159,({'diamond necklace'}),"({'diamond earring', 'diamond bracelet'})",0.205211726,0.291530945,0.096091205,0.468253968,1.606189589,0.036265637,1.332344791
160,({'diamond earring'}),"({'diamond necklace', 'diamond bracelet'})",0.552117264,0.122149837,0.096091205,0.174041298,1.424818092,0.028650171,1.062825733
161,({'diamond bracelet'}),"({'diamond necklace', 'diamond earring'})",0.428338762,0.146579805,0.096091205,0.224334601,1.530460499,0.033305393,1.100242703
162,"({'diamond pendant', 'diamond earring'})",({'diamond bracelet'}),0.385993485,0.428338762,0.208469055,0.540084388,1.260881423,0.043133084,1.242969847
163,"({'diamond pendant', 'diamond bracelet'})",({'diamond earring'}),0.278501629,0.552117264,0.208469055,0.748538012,1.355759113,0.054703498,1.781115067
164,"({'diamond earring', 'diamond bracelet'})",({'diamond pendant'}),0.291530945,0.560260586,0.208469055,0.715083799,1.276341432,0.045135757,1.543399119
165,({'diamond pendant'}),"({'diamond earring', 'diamond bracelet'})",0.560260586,0.291530945,0.208469055,0.372093023,1.276341432,0.045135757,1.12830257
166,({'diamond earring'}),"({'diamond pendant', 'diamond bracelet'})",0.552117264,0.278501629,0.208469055,0.377581121,1.355759113,0.054703498,1.159184587
167,({'diamond bracelet'}),"({'diamond pendant', 'diamond earring'})",0.428338762,0.385993485,0.208469055,0.486692015,1.260881423,0.043133084,1.196175654
168,"({'diamond earring', 'diamond bracelet'})",({'diamond ring'}),0.291530945,0.785016287,0.268729642,0.921787709,1.174227497,0.039873102,2.748720335
169,"({'diamond earring', 'diamond ring'})",({'diamond bracelet'}),0.46742671,0.428338762,0.268729642,0.574912892,1.342192075,0.068512663,1.344809633
170,"({'diamond bracelet', 'diamond ring'})",({'diamond earring'}),0.374592834,0.552117264,0.268729642,0.717391304,1.299345902,0.061910471,1.584815836
171,({'diamond earring'}),"({'diamond bracelet', 'diamond ring'})",0.552117264,0.374592834,0.268729642,0.486725664,1.299345902,0.061910471,1.218465686
172,({'diamond bracelet'}),"({'diamond earring', 'diamond ring'})",0.428338762,0.46742671,0.268729642,0.627376426,1.342192075,0.068512663,1.429252809
173,({'diamond ring'}),"({'diamond earring', 'diamond bracelet'})",0.785016287,0.291530945,0.268729642,0.342323651,1.174227497,0.039873102,1.077230551
174,"({'diamond pendant', 'diamond necklace'})",({'diamond bracelet'}),0.135179153,0.428338762,0.084690554,0.626506024,1.46264144,0.026788083,1.530576862
175,"({'diamond pendant', 'diamond bracelet'})",({'diamond necklace'}),0.278501629,0.205211726,0.084690554,0.304093567,1.48185278,0.027538754,1.142090713
176,"({'diamond necklace', 'diamond bracelet'})",({'diamond pendant'}),0.122149837,0.560260586,0.084690554,0.693333333,1.23751938,0.016254814,1.433932871
177,({'diamond pendant'}),"({'diamond necklace', 'diamond bracelet'})",0.560260586,0.122149837,0.084690554,0.151162791,1.23751938,0.016254814,1.034179644
178,({'diamond necklace'}),"({'diamond pendant', 'diamond bracelet'})",0.205211726,0.278501629,0.084690554,0.412698413,1.48185278,0.027538754,1.228497227
179,({'diamond bracelet'}),"({'diamond pendant', 'diamond necklace'})",0.428338762,0.135179153,0.084690554,0.197718631,1.46264144,0.026788083,1.077952051
180,"({'diamond necklace', 'diamond bracelet'})",({'diamond ring'}),0.122149837,0.785016287,0.11237785,0.92,1.171950207,0.016488239,2.687296417
181,"({'diamond necklace', 'diamond ring'})",({'diamond bracelet'}),0.179153094,0.428338762,0.11237785,0.627272727,1.464431386,0.035639635,1.533725272
182,"({'diamond bracelet', 'diamond ring'})",({'diamond necklace'}),0.374592834,0.205211726,0.11237785,0.3,1.461904762,0.035507008,1.135411819
183,({'diamond necklace'}),"({'diamond bracelet', 'diamond ring'})",0.205211726,0.374592834,0.11237785,0.547619048,1.461904762,0.035507008,1.382478999
184,({'diamond bracelet'}),"({'diamond necklace', 'diamond ring'})",0.428338762,0.179153094,0.11237785,0.262357414,1.464431386,0.035639635,1.112797609
185,({'diamond ring'}),"({'diamond necklace', 'diamond bracelet'})",0.785016287,0.122149837,0.11237785,0.143153527,1.171950207,0.016488239,1.024512781
186,"({'diamond pendant', 'diamond bracelet'})",({'diamond ring'}),0.278501629,0.785016287,0.255700326,0.918128655,1.169566378,0.037072011,2.625872499
187,"({'diamond pendant', 'diamond ring'})",({'diamond bracelet'}),0.472312704,0.428338762,0.255700326,0.54137931,1.26390455,0.053390487,1.246479391
188,"({'diamond bracelet', 'diamond ring'})",({'diamond pendant'}),0.374592834,0.560260586,0.255700326,0.682608696,1.218377149,0.045830725,1.385480344
189,({'diamond pendant'}),"({'diamond bracelet', 'diamond ring'})",0.560260586,0.374592834,0.255700326,0.456395349,1.218377149,0.045830725,1.150481632
190,({'diamond bracelet'}),"({'diamond pendant', 'diamond ring'})",0.428338762,0.472312704,0.255700326,0.596958175,1.26390455,0.053390487,1.309261877
191,({'diamond ring'}),"({'diamond pendant', 'diamond bracelet'})",0.785016287,0.278501629,0.255700326,0.325726141,1.169566378,0.037072011,1.070037585
192,"({'diamond bracelet', 'multi tourmaline'})",({'diamond ring'}),0.102605863,0.785016287,0.092833876,0.904761905,1.152539024,0.012286603,2.25732899
193,"({'diamond bracelet', 'diamond ring'})",({'multi tourmaline'}),0.374592834,0.237785016,0.092833876,0.247826087,1.042227516,0.003761313,1.0133494
194,"({'multi tourmaline', 'diamond ring'})",({'diamond bracelet'}),0.188925081,0.428338762,0.092833876,0.49137931,1.147174512,0.011909941,1.123944129
195,({'diamond bracelet'}),"({'multi tourmaline', 'diamond ring'})",0.428338762,0.188925081,0.092833876,0.216730038,1.147174512,0.011909941,1.035498561
196,({'multi tourmaline'}),"({'diamond bracelet', 'diamond ring'})",0.237785016,0.374592834,0.092833876,0.390410959,1.042227516,0.003761313,1.025948834
197,({'diamond ring'}),"({'diamond bracelet', 'multi tourmaline'})",0.785016287,0.102605863,0.092833876,0.118257261,1.152539024,0.012286603,1.017750527
198,"({'diamond earring', 'diamond choker necklace'})",({'diamond ring'}),0.100977199,0.785016287,0.091205212,0.903225806,1.150582251,0.011936466,2.221498371
199,"({'diamond earring', 'diamond ring'})",({'diamond choker necklace'}),0.46742671,0.138436482,0.091205212,0.195121951,1.409469154,0.026496302,1.070427401
200,"({'diamond choker necklace', 'diamond ring'})",({'diamond earring'}),0.122149837,0.552117264,0.091205212,0.746666667,1.352369715,0.023764178,1.767958169
201,({'diamond earring'}),"({'diamond choker necklace', 'diamond ring'})",0.552117264,0.122149837,0.091205212,0.16519174,1.352369715,0.023764178,1.051559029
202,({'diamond choker necklace'}),"({'diamond earring', 'diamond ring'})",0.138436482,0.46742671,0.091205212,0.658823529,1.409469154,0.026496302,1.560990677
203,({'diamond ring'}),"({'diamond earring', 'diamond choker necklace'})",0.785016287,0.100977199,0.091205212,0.116182573,1.150582251,0.011936466,1.017204202
204,"({'diamond pendant', 'diamond choker necklace'})",({'diamond ring'}),0.096091205,0.785016287,0.091205212,0.949152542,1.209086434,0.015772051,4.228013029
205,"({'diamond pendant', 'diamond ring'})",({'diamond choker necklace'}),0.472312704,0.138436482,0.091205212,0.193103448,1.394888438,0.025819903,1.067749659
206,"({'diamond choker necklace', 'diamond ring'})",({'diamond pendant'}),0.122149837,0.560260586,0.091205212,0.746666667,1.332713178,0.022769472,1.735813475
207,({'diamond pendant'}),"({'diamond choker necklace', 'diamond ring'})",0.560260586,0.122149837,0.091205212,0.162790698,1.332713178,0.022769472,1.04854325
208,({'diamond choker necklace'}),"({'diamond pendant', 'diamond ring'})",0.138436482,0.472312704,0.091205212,0.658823529,1.394888438,0.025819903,1.546669662
209,({'diamond ring'}),"({'diamond pendant', 'diamond choker necklace'})",0.785016287,0.096091205,0.091205212,0.116182573,1.209086434,0.015772051,1.022732486
210,"({'diamond pendant', 'diamond necklace'})",({'diamond earring'}),0.135179153,0.552117264,0.104234528,0.771084337,1.39659523,0.029599784,1.956540374
211,"({'diamond pendant', 'diamond earring'})",({'diamond necklace'}),0.385993485,0.205211726,0.104234528,0.270042194,1.315919898,0.025024138,1.088813993
212,"({'diamond necklace', 'diamond earring'})",({'diamond pendant'}),0.146579805,0.560260586,0.104234528,0.711111111,1.269250646,0.02211164,1.522174894
213,({'diamond pendant'}),"({'diamond necklace', 'diamond earring'})",0.560260586,0.146579805,0.104234528,0.186046512,1.269250646,0.02211164,1.048487669
214,({'diamond necklace'}),"({'diamond pendant', 'diamond earring'})",0.205211726,0.385993485,0.104234528,0.507936508,1.315919898,0.025024138,1.247819691
215,({'diamond earring'}),"({'diamond pendant', 'diamond necklace'})",0.552117264,0.135179153,0.104234528,0.18879056,1.39659523,0.029599784,1.066088244
216,"({'diamond necklace', 'diamond earring'})",({'diamond ring'}),0.146579805,0.785016287,0.136807818,0.933333333,1.188934993,0.021740284,3.2247557
217,"({'diamond necklace', 'diamond ring'})",({'diamond earring'}),0.179153094,0.552117264,0.136807818,0.763636364,1.38310539,0.037894301,1.894888499
218,"({'diamond earring', 'diamond ring'})",({'diamond necklace'}),0.46742671,0.205211726,0.136807818,0.292682927,1.426248548,0.040886375,1.12366618
219,({'diamond necklace'}),"({'diamond earring', 'diamond ring'})",0.205211726,0.46742671,0.136807818,0.666666667,1.426248548,0.040886375,1.59771987
220,({'diamond earring'}),"({'diamond necklace', 'diamond ring'})",0.552117264,0.179153094,0.136807818,0.247787611,1.38310539,0.037894301,1.091243533
221,({'diamond ring'}),"({'diamond necklace', 'diamond earring'})",0.785016287,0.146579805,0.136807818,0.174273859,1.188934993,0.021740284,1.033539031
222,"({'diamond pendant', 'diamond earring'})",({'diamond ring'}),0.385993485,0.785016287,0.345276873,0.894514768,1.139485617,0.0422657,2.038045603
223,"({'diamond pendant', 'diamond ring'})",({'diamond earring'}),0.472312704,0.552117264,0.345276873,0.731034483,1.324056556,0.084504875,1.665205045
224,"({'diamond earring', 'diamond ring'})",({'diamond pendant'}),0.46742671,0.560260586,0.345276873,0.738675958,1.318450693,0.08339611,1.682736156
225,({'diamond pendant'}),"({'diamond earring', 'diamond ring'})",0.560260586,0.46742671,0.345276873,0.61627907,1.318450693,0.08339611,1.387918271
226,({'diamond earring'}),"({'diamond pendant', 'diamond ring'})",0.552117264,0.472312704,0.345276873,0.625368732,1.324056556,0.084504875,1.40855113
227,({'diamond ring'}),"({'diamond pendant', 'diamond earring'})",0.785016287,0.385993485,0.345276873,0.439834025,1.139485617,0.0422657,1.096115334
228,"({'diamond pendant', 'diamond earring'})",({'multi tourmaline'}),0.385993485,0.237785016,0.107491857,0.278481013,1.171146177,0.015708389,1.056403223
229,"({'diamond pendant', 'multi tourmaline'})",({'diamond earring'}),0.143322476,0.552117264,0.107491857,0.75,1.35840708,0.028361044,1.791530945
230,"({'diamond earring', 'multi tourmaline'})",({'diamond pendant'}),0.148208469,0.560260586,0.107491857,0.725274725,1.29453105,0.024456493,1.600651466
231,({'diamond pendant'}),"({'diamond earring', 'multi tourmaline'})",0.560260586,0.148208469,0.107491857,0.191860465,1.29453105,0.024456493,1.05401542
232,({'diamond earring'}),"({'diamond pendant', 'multi tourmaline'})",0.552117264,0.143322476,0.107491857,0.194690265,1.35840708,0.028361044,1.063786376
233,({'multi tourmaline'}),"({'diamond pendant', 'diamond earring'})",0.237785016,0.385993485,0.107491857,0.452054795,1.171146177,0.015708389,1.120561889
234,"({'diamond earring', 'multi tourmaline'})",({'diamond ring'}),0.148208469,0.785016287,0.131921824,0.89010989,1.133874424,0.015575762,1.956351792
235,"({'diamond earring', 'diamond ring'})",({'multi tourmaline'}),0.46742671,0.237785016,0.131921824,0.282229965,1.186912319,0.020774756,1.061920875
236,"({'multi tourmaline', 'diamond ring'})",({'diamond earring'}),0.188925081,0.552117264,0.131921824,0.698275862,1.264723833,0.027613025,1.484411354
237,({'diamond earring'}),"({'multi tourmaline', 'diamond ring'})",0.552117264,0.188925081,0.131921824,0.238938053,1.264723833,0.027613025,1.065714719
238,({'multi tourmaline'}),"({'diamond earring', 'diamond ring'})",0.237785016,0.46742671,0.131921824,0.554794521,1.186912319,0.020774756,1.196241543
239,({'diamond ring'}),"({'diamond earring', 'multi tourmaline'})",0.785016287,0.148208469,0.131921824,0.168049793,1.133874424,0.015575762,1.023849172
240,"({'diamond pendant', 'diamond necklace'})",({'diamond ring'}),0.135179153,0.785016287,0.123778502,0.915662651,1.166425036,0.017660665,2.549092601
241,"({'diamond pendant', 'diamond ring'})",({'diamond necklace'}),0.472312704,0.205211726,0.123778502,0.262068966,1.277066229,0.026854396,1.07704953
242,"({'diamond necklace', 'diamond ring'})",({'diamond pendant'}),0.179153094,0.560260586,0.123778502,0.690909091,1.233192389,0.023406084,1.422686338
243,({'diamond pendant'}),"({'diamond necklace', 'diamond ring'})",0.560260586,0.179153094,0.123778502,0.220930233,1.233192389,0.023406084,1.053624386
244,({'diamond necklace'}),"({'diamond pendant', 'diamond ring'})",0.205211726,0.472312704,0.123778502,0.603174603,1.277066229,0.026854396,1.329771987
245,({'diamond ring'}),"({'diamond pendant', 'diamond necklace'})",0.785016287,0.135179153,0.123778502,0.157676349,1.166425036,0.017660665,1.026708493
246,"({'diamond pendant', 'multi tourmaline'})",({'diamond ring'}),0.143322476,0.785016287,0.125407166,0.875,1.114626556,0.012896689,1.719869707
247,"({'diamond pendant', 'diamond ring'})",({'multi tourmaline'}),0.472312704,0.237785016,0.125407166,0.265517241,1.116627303,0.013098282,1.03775749
248,"({'multi tourmaline', 'diamond ring'})",({'diamond pendant'}),0.188925081,0.560260586,0.125407166,0.663793103,1.184793504,0.019559889,1.307942871
249,({'diamond pendant'}),"({'multi tourmaline', 'diamond ring'})",0.560260586,0.188925081,0.125407166,0.223837209,1.184793504,0.019559889,1.044980419
250,({'multi tourmaline'}),"({'diamond pendant', 'diamond ring'})",0.237785016,0.472312704,0.125407166,0.52739726,1.116627303,0.013098282,1.116555729
251,({'diamond ring'}),"({'diamond pendant', 'multi tourmaline'})",0.785016287,0.143322476,0.125407166,0.159751037,1.114626556,0.012896689,1.019552017
252,"({'diamond pendant', 'diamond earring', 'diamond'})",({'diamond bracelet'}),0.166123779,0.428338762,0.096091205,0.578431373,1.350406322,0.024933952,1.356033634
253,"({'diamond pendant', 'diamond earring', 'diamond bracelet'})",({'diamond'}),0.208469055,0.306188925,0.096091205,0.4609375,1.505402261,0.032260289,1.28706982
254,"({'diamond pendant', 'diamond', 'diamond bracelet'})",({'diamond earring'}),0.120521173,0.552117264,0.096091205,0.797297297,1.444072391,0.029549385,2.209554832
255,"({'diamond earring', 'diamond', 'diamond bracelet'})",({'diamond pendant'}),0.118892508,0.560260586,0.096091205,0.808219178,1.442577254,0.029480419,2.292926943
256,"({'diamond pendant', 'diamond earring'})","({'diamond', 'diamond bracelet'})",0.385993485,0.16286645,0.096091205,0.248945148,1.528523207,0.033225817,1.114610401
257,"({'diamond pendant', 'diamond'})","({'diamond earring', 'diamond bracelet'})",0.21009772,0.291530945,0.096091205,0.457364341,1.568836343,0.034841218,1.305607259
258,"({'diamond pendant', 'diamond bracelet'})","({'diamond earring', 'diamond'})",0.278501629,0.208469055,0.096091205,0.34502924,1.655062135,0.038032234,1.208498139
259,"({'diamond earring', 'diamond'})","({'diamond pendant', 'diamond bracelet'})",0.208469055,0.278501629,0.096091205,0.4609375,1.655062135,0.038032234,1.338431761
260,"({'diamond earring', 'diamond bracelet'})","({'diamond pendant', 'diamond'})",0.291530945,0.21009772,0.096091205,0.329608939,1.568836343,0.034841218,1.178270901
261,"({'diamond', 'diamond bracelet'})","({'diamond pendant', 'diamond earring'})",0.16286645,0.385993485,0.096091205,0.59,1.528523207,0.033225817,1.497576865
262,({'diamond pendant'}),"({'diamond earring', 'diamond', 'diamond bracelet'})",0.560260586,0.118892508,0.096091205,0.171511628,1.442577254,0.029480419,1.063512201
263,({'diamond earring'}),"({'diamond pendant', 'diamond', 'diamond bracelet'})",0.552117264,0.120521173,0.096091205,0.174041298,1.444072391,0.029549385,1.06479758
264,({'diamond'}),"({'diamond pendant', 'diamond earring', 'diamond bracelet'})",0.306188925,0.208469055,0.096091205,0.313829787,1.505402261,0.032260289,1.153548974
265,({'diamond bracelet'}),"({'diamond pendant', 'diamond earring', 'diamond'})",0.428338762,0.166123779,0.096091205,0.224334601,1.350406322,0.024933952,1.075046305
266,"({'diamond earring', 'diamond', 'diamond bracelet'})",({'diamond ring'}),0.118892508,0.785016287,0.115635179,0.97260274,1.238958677,0.022302624,7.846905537
267,"({'diamond earring', 'diamond', 'diamond ring'})",({'diamond bracelet'}),0.193811075,0.428338762,0.115635179,0.596638655,1.392913059,0.032618383,1.417243485
268,"({'diamond earring', 'diamond bracelet', 'diamond ring'})",({'diamond'}),0.268729642,0.306188925,0.115635179,0.43030303,1.405351386,0.033353139,1.217859866
269,"({'diamond', 'diamond bracelet', 'diamond ring'})",({'diamond earring'}),0.156351792,0.552117264,0.115635179,0.739583333,1.339540315,0.029310656,1.719869707
270,"({'diamond earring', 'diamond'})","({'diamond bracelet', 'diamond ring'})",0.208469055,0.374592834,0.115635179,0.5546875,1.480774457,0.037544165,1.40442311
271,"({'diamond earring', 'diamond bracelet'})","({'diamond', 'diamond ring'})",0.291530945,0.267100977,0.115635179,0.396648045,1.485011582,0.037766979,1.214712269
272,"({'diamond earring', 'diamond ring'})","({'diamond', 'diamond bracelet'})",0.46742671,0.16286645,0.115635179,0.24738676,1.518954704,0.03950705,1.112302449
273,"({'diamond', 'diamond bracelet'})","({'diamond earring', 'diamond ring'})",0.16286645,0.46742671,0.115635179,0.71,1.518954704,0.03950705,1.83645962
274,"({'diamond', 'diamond ring'})","({'diamond earring', 'diamond bracelet'})",0.267100977,0.291530945,0.115635179,0.432926829,1.485011582,0.037766979,1.24934328
275,"({'diamond bracelet', 'diamond ring'})","({'diamond earring', 'diamond'})",0.374592834,0.208469055,0.115635179,0.308695652,1.480774457,0.037544165,1.14498187
276,({'diamond earring'}),"({'diamond', 'diamond bracelet', 'diamond ring'})",0.552117264,0.156351792,0.115635179,0.209439528,1.339540315,0.029310656,1.067152025
277,({'diamond'}),"({'diamond earring', 'diamond bracelet', 'diamond ring'})",0.306188925,0.268729642,0.115635179,0.377659574,1.405351386,0.033353139,1.175032712
278,({'diamond bracelet'}),"({'diamond earring', 'diamond', 'diamond ring'})",0.428338762,0.193811075,0.115635179,0.269961977,1.392913059,0.032618383,1.104310871
279,({'diamond ring'}),"({'diamond earring', 'diamond', 'diamond bracelet'})",0.785016287,0.118892508,0.115635179,0.147302905,1.238958677,0.022302624,1.033318275
280,"({'diamond pendant', 'diamond', 'diamond bracelet'})",({'diamond ring'}),0.120521173,0.785016287,0.115635179,0.959459459,1.222215992,0.021024096,5.302931596
281,"({'diamond pendant', 'diamond', 'diamond ring'})",({'diamond bracelet'}),0.195439739,0.428338762,0.115635179,0.591666667,1.38130545,0.031920763,1.399986705
282,"({'diamond pendant', 'diamond bracelet', 'diamond ring'})",({'diamond'}),0.255700326,0.306188925,0.115635179,0.452229299,1.476961648,0.037342571,1.26660859
283,"({'diamond', 'diamond bracelet', 'diamond ring'})",({'diamond pendant'}),0.156351792,0.560260586,0.115635179,0.739583333,1.320070252,0.028037433,1.688599349
284,"({'diamond pendant', 'diamond'})","({'diamond bracelet', 'diamond ring'})",0.21009772,0.374592834,0.115635179,0.550387597,1.469295585,0.036934079,1.390991801
285,"({'diamond pendant', 'diamond bracelet'})","({'diamond', 'diamond ring'})",0.278501629,0.267100977,0.115635179,0.415204678,1.554485808,0.041247122,1.253257329
286,"({'diamond pendant', 'diamond ring'})","({'diamond', 'diamond bracelet'})",0.472312704,0.16286645,0.115635179,0.244827586,1.503241379,0.038711286,1.108533012
287,"({'diamond', 'diamond bracelet'})","({'diamond pendant', 'diamond ring'})",0.16286645,0.472312704,0.115635179,0.71,1.503241379,0.038711286,1.819611367
288,"({'diamond', 'diamond ring'})","({'diamond pendant', 'diamond bracelet'})",0.267100977,0.278501629,0.115635179,0.432926829,1.554485808,0.041247122,1.272319709
289,"({'diamond bracelet', 'diamond ring'})","({'diamond pendant', 'diamond'})",0.374592834,0.21009772,0.115635179,0.308695652,1.469295585,0.036934079,1.14262594
290,({'diamond pendant'}),"({'diamond', 'diamond bracelet', 'diamond ring'})",0.560260586,0.156351792,0.115635179,0.206395349,1.320070252,0.028037433,1.063058548
291,({'diamond'}),"({'diamond pendant', 'diamond bracelet', 'diamond ring'})",0.306188925,0.255700326,0.115635179,0.377659574,1.476961648,0.037342571,1.195968707
292,({'diamond bracelet'}),"({'diamond pendant', 'diamond', 'diamond ring'})",0.428338762,0.195439739,0.115635179,0.269961977,1.38130545,0.031920763,1.10207994
293,({'diamond ring'}),"({'diamond pendant', 'diamond', 'diamond bracelet'})",0.785016287,0.120521173,0.115635179,0.147302905,1.222215992,0.021024096,1.03140826
294,"({'diamond pendant', 'diamond earring', 'diamond'})",({'diamond ring'}),0.166123779,0.785016287,0.156351792,0.941176471,1.198926043,0.02594192,3.654723127
295,"({'diamond pendant', 'diamond earring', 'diamond ring'})",({'diamond'}),0.345276873,0.306188925,0.156351792,0.452830189,1.478924127,0.050631837,1.267999551
296,"({'diamond pendant', 'diamond', 'diamond ring'})",({'diamond earring'}),0.195439739,0.552117264,0.156351792,0.8,1.448967552,0.048446137,2.239413681
297,"({'diamond earring', 'diamond', 'diamond ring'})",({'diamond pendant'}),0.193811075,0.560260586,0.156351792,0.806722689,1.439906195,0.047767085,2.275173488
298,"({'diamond pendant', 'diamond earring'})","({'diamond', 'diamond ring'})",0.385993485,0.267100977,0.156351792,0.405063291,1.516517444,0.053252554,1.231894102
299,"({'diamond pendant', 'diamond'})","({'diamond earring', 'diamond ring'})",0.21009772,0.46742671,0.156351792,0.744186047,1.592091403,0.058146506,2.081877406
300,"({'diamond pendant', 'diamond ring'})","({'diamond earring', 'diamond'})",0.472312704,0.208469055,0.156351792,0.331034483,1.587931034,0.057889208,1.183216361
301,"({'diamond earring', 'diamond'})","({'diamond pendant', 'diamond ring'})",0.208469055,0.472312704,0.156351792,0.75,1.587931034,0.057889208,2.110749186
302,"({'diamond earring', 'diamond ring'})","({'diamond pendant', 'diamond'})",0.46742671,0.21009772,0.156351792,0.334494774,1.592091403,0.058146506,1.186921227
303,"({'diamond', 'diamond ring'})","({'diamond pendant', 'diamond earring'})",0.267100977,0.385993485,0.156351792,0.585365854,1.516517444,0.053252554,1.480839241
304,({'diamond pendant'}),"({'diamond earring', 'diamond', 'diamond ring'})",0.560260586,0.193811075,0.156351792,0.279069767,1.439906195,0.047767085,1.118262057
305,({'diamond earring'}),"({'diamond pendant', 'diamond', 'diamond ring'})",0.552117264,0.195439739,0.156351792,0.283185841,1.448967552,0.048446137,1.122411228
306,({'diamond'}),"({'diamond pendant', 'diamond earring', 'diamond ring'})",0.306188925,0.345276873,0.156351792,0.510638298,1.478924127,0.050631837,1.337912477
307,({'diamond ring'}),"({'diamond pendant', 'diamond earring', 'diamond'})",0.785016287,0.166123779,0.156351792,0.199170124,1.198926043,0.02594192,1.041265126
308,"({'diamond bangle', 'diamond earring', 'diamond bracelet'})",({'diamond ring'}),0.109120521,0.785016287,0.104234528,0.955223881,1.216820462,0.018573141,4.801302932
309,"({'diamond bangle', 'diamond earring', 'diamond ring'})",({'diamond bracelet'}),0.161237785,0.428338762,0.104234528,0.646464646,1.509236855,0.035170134,1.616984644
310,"({'diamond earring', 'diamond bracelet', 'diamond ring'})",({'diamond bangle'}),0.268729642,0.280130293,0.104234528,0.387878788,1.384637068,0.028955214,1.176024769
311,"({'diamond bangle', 'diamond bracelet', 'diamond ring'})",({'diamond earring'}),0.138436482,0.552117264,0.104234528,0.752941176,1.363734166,0.027801356,1.812858694
312,"({'diamond bangle', 'diamond earring'})","({'diamond bracelet', 'diamond ring'})",0.180781759,0.374592834,0.104234528,0.576576577,1.539208774,0.036514976,1.477025435
313,"({'diamond earring', 'diamond bracelet'})","({'diamond bangle', 'diamond ring'})",0.291530945,0.239413681,0.104234528,0.357541899,1.493406301,0.034438031,1.18386914
314,"({'diamond earring', 'diamond ring'})","({'diamond bangle', 'diamond bracelet'})",0.46742671,0.148208469,0.104234528,0.222996516,1.504613853,0.034957931,1.096251881
315,"({'diamond bangle', 'diamond bracelet'})","({'diamond earring', 'diamond ring'})",0.148208469,0.46742671,0.104234528,0.703296703,1.504613853,0.034957931,1.794969236
316,"({'diamond bangle', 'diamond ring'})","({'diamond earring', 'diamond bracelet'})",0.239413681,0.291530945,0.104234528,0.43537415,1.493406301,0.034438031,1.254758447
317,"({'diamond bracelet', 'diamond ring'})","({'diamond bangle', 'diamond earring'})",0.374592834,0.180781759,0.104234528,0.27826087,1.539208774,0.036514976,1.135061418
318,({'diamond earring'}),"({'diamond bangle', 'diamond bracelet', 'diamond ring'})",0.552117264,0.138436482,0.104234528,0.18879056,1.363734166,0.027801356,1.062072846
319,({'diamond bangle'}),"({'diamond earring', 'diamond bracelet', 'diamond ring'})",0.280130293,0.268729642,0.104234528,0.372093023,1.384637068,0.028955214,1.164615756
320,({'diamond bracelet'}),"({'diamond bangle', 'diamond earring', 'diamond ring'})",0.428338762,0.161237785,0.104234528,0.243346008,1.509236855,0.035170134,1.108514887
321,({'diamond ring'}),"({'diamond bangle', 'diamond earring', 'diamond bracelet'})",0.785016287,0.109120521,0.104234528,0.132780083,1.216820462,0.018573141,1.027282078
322,"({'diamond pendant', 'diamond bangle', 'diamond bracelet'})",({'diamond ring'}),0.105863192,0.785016287,0.099348534,0.938461538,1.195467603,0.016244204,3.493485342
323,"({'diamond pendant', 'diamond bangle', 'diamond ring'})",({'diamond bracelet'}),0.156351792,0.428338762,0.099348534,0.635416667,1.483444233,0.032377001,1.567985109
324,"({'diamond pendant', 'diamond bracelet', 'diamond ring'})",({'diamond bangle'}),0.255700326,0.280130293,0.099348534,0.388535032,1.386979707,0.027719127,1.177286916
325,"({'diamond bangle', 'diamond bracelet', 'diamond ring'})",({'diamond pendant'}),0.138436482,0.560260586,0.099348534,0.717647059,1.280916553,0.02178803,1.557410423
326,"({'diamond pendant', 'diamond bangle'})","({'diamond bracelet', 'diamond ring'})",0.172638436,0.374592834,0.099348534,0.575471698,1.536259229,0.034679413,1.473181325
327,"({'diamond pendant', 'diamond bracelet'})","({'diamond bangle', 'diamond ring'})",0.278501629,0.239413681,0.099348534,0.356725146,1.489994828,0.032671434,1.182366005
328,"({'diamond pendant', 'diamond ring'})","({'diamond bangle', 'diamond bracelet'})",0.472312704,0.148208469,0.099348534,0.210344828,1.419249716,0.029347791,1.078687965
329,"({'diamond bangle', 'diamond bracelet'})","({'diamond pendant', 'diamond ring'})",0.148208469,0.472312704,0.099348534,0.67032967,1.419249716,0.029347791,1.600651466
330,"({'diamond bangle', 'diamond ring'})","({'diamond pendant', 'diamond bracelet'})",0.239413681,0.278501629,0.099348534,0.414965986,1.489994828,0.032671434,1.233258844
331,"({'diamond bracelet', 'diamond ring'})","({'diamond pendant', 'diamond bangle'})",0.374592834,0.172638436,0.099348534,0.265217391,1.536259229,0.034679413,1.125995027
332,({'diamond pendant'}),"({'diamond bangle', 'diamond bracelet', 'diamond ring'})",0.560260586,0.138436482,0.099348534,0.177325581,1.280916553,0.02178803,1.047271555
333,({'diamond bangle'}),"({'diamond pendant', 'diamond bracelet', 'diamond ring'})",0.280130293,0.255700326,0.099348534,0.354651163,1.386979707,0.027719127,1.153329225
334,({'diamond bracelet'}),"({'diamond pendant', 'diamond bangle', 'diamond ring'})",0.428338762,0.156351792,0.099348534,0.231939163,1.483444233,0.032377001,1.098413262
335,({'diamond ring'}),"({'diamond pendant', 'diamond bangle', 'diamond bracelet'})",0.785016287,0.105863192,0.099348534,0.126556017,1.195467603,0.016244204,1.023691072
336,"({'diamond pendant', 'diamond earring', 'diamond bangle'})",({'diamond ring'}),0.13029316,0.785016287,0.118892508,0.9125,1.162396266,0.016610256,2.456956724
337,"({'diamond pendant', 'diamond earring', 'diamond ring'})",({'diamond bangle'}),0.345276873,0.280130293,0.118892508,0.344339623,1.229212374,0.022169996,1.097930776
338,"({'diamond pendant', 'diamond bangle', 'diamond ring'})",({'diamond earring'}),0.156351792,0.552117264,0.118892508,0.760416667,1.377273845,0.032567985,1.869423594
339,"({'diamond bangle', 'diamond earring', 'diamond ring'})",({'diamond pendant'}),0.161237785,0.560260586,0.118892508,0.737373737,1.31612638,0.028557332,1.674392383
340,"({'diamond pendant', 'diamond earring'})","({'diamond bangle', 'diamond ring'})",0.385993485,0.239413681,0.118892508,0.308016878,1.286546686,0.026480387,1.099139986
341,"({'diamond pendant', 'diamond bangle'})","({'diamond earring', 'diamond ring'})",0.172638436,0.46742671,0.118892508,0.688679245,1.473341661,0.038196692,1.710689962
342,"({'diamond pendant', 'diamond ring'})","({'diamond bangle', 'diamond earring'})",0.472312704,0.180781759,0.118892508,0.251724138,1.392420006,0.033506987,1.094807788
343,"({'diamond bangle', 'diamond earring'})","({'diamond pendant', 'diamond ring'})",0.180781759,0.472312704,0.118892508,0.657657658,1.392420006,0.033506987,1.541402366
344,"({'diamond earring', 'diamond ring'})","({'diamond pendant', 'diamond bangle'})",0.46742671,0.172638436,0.118892508,0.254355401,1.473341661,0.038196692,1.109592377
345,"({'diamond bangle', 'diamond ring'})","({'diamond pendant', 'diamond earring'})",0.239413681,0.385993485,0.118892508,0.496598639,1.286546686,0.026480387,1.219715644
346,({'diamond pendant'}),"({'diamond bangle', 'diamond earring', 'diamond ring'})",0.560260586,0.161237785,0.118892508,0.212209302,1.31612638,0.028557332,1.064701852
347,({'diamond earring'}),"({'diamond pendant', 'diamond bangle', 'diamond ring'})",0.552117264,0.156351792,0.118892508,0.215339233,1.377273845,0.032567985,1.075175724
348,({'diamond bangle'}),"({'diamond pendant', 'diamond earring', 'diamond ring'})",0.280130293,0.345276873,0.118892508,0.424418605,1.229212374,0.022169996,1.137498766
349,({'diamond ring'}),"({'diamond pendant', 'diamond earring', 'diamond bangle'})",0.785016287,0.13029316,0.118892508,0.151452282,1.162396266,0.016610256,1.02493569
350,"({'diamond necklace', 'diamond earring', 'diamond bracelet'})",({'diamond ring'}),0.096091205,0.785016287,0.089576547,0.93220339,1.187495604,0.014143386,3.171009772
351,"({'diamond necklace', 'diamond earring', 'diamond ring'})",({'diamond bracelet'}),0.136807818,0.428338762,0.089576547,0.654761905,1.528607641,0.030976456,1.655846344
352,"({'diamond necklace', 'diamond bracelet', 'diamond ring'})",({'diamond earring'}),0.11237785,0.552117264,0.089576547,0.797101449,1.443717669,0.027530796,2.207422057
353,"({'diamond earring', 'diamond bracelet', 'diamond ring'})",({'diamond necklace'}),0.268729642,0.205211726,0.089576547,0.333333333,1.624338624,0.034430074,1.19218241
354,"({'diamond necklace', 'diamond earring'})","({'diamond bracelet', 'diamond ring'})",0.146579805,0.374592834,0.089576547,0.611111111,1.631400966,0.034668803,1.608189856
355,"({'diamond necklace', 'diamond bracelet'})","({'diamond earring', 'diamond ring'})",0.122149837,0.46742671,0.089576547,0.733333333,1.568873403,0.032480451,1.997149837
356,"({'diamond necklace', 'diamond ring'})","({'diamond earring', 'diamond bracelet'})",0.179153094,0.291530945,0.089576547,0.5,1.715083799,0.037347876,1.416938111
357,"({'diamond earring', 'diamond bracelet'})","({'diamond necklace', 'diamond ring'})",0.291530945,0.179153094,0.089576547,0.30726257,1.715083799,0.037347876,1.184932227
358,"({'diamond earring', 'diamond ring'})","({'diamond necklace', 'diamond bracelet'})",0.46742671,0.122149837,0.089576547,0.191637631,1.568873403,0.032480451,1.085961193
359,"({'diamond bracelet', 'diamond ring'})","({'diamond necklace', 'diamond earring'})",0.374592834,0.146579805,0.089576547,0.239130435,1.631400966,0.034668803,1.121637971
360,({'diamond necklace'}),"({'diamond earring', 'diamond bracelet', 'diamond ring'})",0.205211726,0.268729642,0.089576547,0.436507937,1.624338624,0.034430074,1.297747396
361,({'diamond earring'}),"({'diamond necklace', 'diamond bracelet', 'diamond ring'})",0.552117264,0.11237785,0.089576547,0.162241888,1.443717669,0.027530796,1.059520806
362,({'diamond bracelet'}),"({'diamond necklace', 'diamond earring', 'diamond ring'})",0.428338762,0.136807818,0.089576547,0.209125475,1.528607641,0.030976456,1.091440115
363,({'diamond ring'}),"({'diamond necklace', 'diamond earring', 'diamond bracelet'})",0.785016287,0.096091205,0.089576547,0.114107884,1.187495604,0.014143386,1.020337328
364,"({'diamond pendant', 'diamond earring', 'diamond bracelet'})",({'diamond ring'}),0.208469055,0.785016287,0.197068404,0.9453125,1.204194761,0.0334168,3.931130758
365,"({'diamond pendant', 'diamond earring', 'diamond ring'})",({'diamond bracelet'}),0.345276873,0.428338762,0.197068404,0.570754717,1.332484396,0.049172936,1.331782224
366,"({'diamond pendant', 'diamond bracelet', 'diamond ring'})",({'diamond earring'}),0.255700326,0.552117264,0.197068404,0.770700637,1.395900269,0.05589184,1.953266377
367,"({'diamond earring', 'diamond bracelet', 'diamond ring'})",({'diamond pendant'}),0.268729642,0.560260586,0.197068404,0.733333333,1.308914729,0.046509777,1.649022801
368,"({'diamond pendant', 'diamond earring'})","({'diamond bracelet', 'diamond ring'})",0.385993485,0.374592834,0.197068404,0.510548523,1.362942579,0.05247801,1.277771538
369,"({'diamond pendant', 'diamond bracelet'})","({'diamond earring', 'diamond ring'})",0.278501629,0.46742671,0.197068404,0.707602339,1.513825213,0.066889304,1.821400651
370,"({'diamond pendant', 'diamond ring'})","({'diamond earring', 'diamond bracelet'})",0.472312704,0.291530945,0.197068404,0.417241379,1.43120786,0.059374635,1.215716131
371,"({'diamond earring', 'diamond bracelet'})","({'diamond pendant', 'diamond ring'})",0.291530945,0.472312704,0.197068404,0.675977654,1.43120786,0.059374635,1.628552173
372,"({'diamond earring', 'diamond ring'})","({'diamond pendant', 'diamond bracelet'})",0.46742671,0.278501629,0.197068404,0.421602787,1.513825213,0.066889304,1.247409835
373,"({'diamond bracelet', 'diamond ring'})","({'diamond pendant', 'diamond earring'})",0.374592834,0.385993485,0.197068404,0.526086957,1.362942579,0.05247801,1.295610077
374,({'diamond pendant'}),"({'diamond earring', 'diamond bracelet', 'diamond ring'})",0.560260586,0.268729642,0.197068404,0.351744186,1.308914729,0.046509777,1.128058311
375,({'diamond earring'}),"({'diamond pendant', 'diamond bracelet', 'diamond ring'})",0.552117264,0.255700326,0.197068404,0.356932153,1.395900269,0.05589184,1.157420136
376,({'diamond bracelet'}),"({'diamond pendant', 'diamond earring', 'diamond ring'})",0.428338762,0.345276873,0.197068404,0.460076046,1.332484396,0.049172936,1.212621003
377,({'diamond ring'}),"({'diamond pendant', 'diamond earring', 'diamond bracelet'})",0.785016287,0.208469055,0.197068404,0.251037344,1.204194761,0.0334168,1.05683633
378,"({'diamond pendant', 'diamond necklace', 'diamond earring'})",({'diamond ring'}),0.104234528,0.785016287,0.09771987,0.9375,1.194242739,0.015894068,3.439739414
379,"({'diamond pendant', 'diamond necklace', 'diamond ring'})",({'diamond earring'}),0.123778502,0.552117264,0.09771987,0.789473684,1.429902189,0.029379622,2.127442997
380,"({'diamond pendant', 'diamond earring', 'diamond ring'})",({'diamond necklace'}),0.345276873,0.205211726,0.09771987,0.283018868,1.379155436,0.026865007,1.108520487
381,"({'diamond necklace', 'diamond earring', 'diamond ring'})",({'diamond pendant'}),0.136807818,0.560260586,0.09771987,0.714285714,1.274916944,0.021071842,1.539087948
382,"({'diamond pendant', 'diamond necklace'})","({'diamond earring', 'diamond ring'})",0.135179153,0.46742671,0.09771987,0.722891566,1.54653457,0.034533523,1.921894916
383,"({'diamond pendant', 'diamond earring'})","({'diamond necklace', 'diamond ring'})",0.385993485,0.179153094,0.09771987,0.253164557,1.413118527,0.028567942,1.099100094
384,"({'diamond pendant', 'diamond ring'})","({'diamond necklace', 'diamond earring'})",0.472312704,0.146579805,0.09771987,0.206896552,1.411494253,0.028488366,1.076051551
385,"({'diamond necklace', 'diamond earring'})","({'diamond pendant', 'diamond ring'})",0.146579805,0.472312704,0.09771987,0.666666667,1.411494253,0.028488366,1.583061889
386,"({'diamond necklace', 'diamond ring'})","({'diamond pendant', 'diamond earring'})",0.179153094,0.385993485,0.09771987,0.545454545,1.413118527,0.028567942,1.350814332
387,"({'diamond earring', 'diamond ring'})","({'diamond pendant', 'diamond necklace'})",0.46742671,0.135179153,0.09771987,0.209059233,1.54653457,0.034533523,1.093407855
388,({'diamond pendant'}),"({'diamond necklace', 'diamond earring', 'diamond ring'})",0.560260586,0.136807818,0.09771987,0.174418605,1.274916944,0.021071842,1.045556728
389,({'diamond necklace'}),"({'diamond pendant', 'diamond earring', 'diamond ring'})",0.205211726,0.345276873,0.09771987,0.476190476,1.379155436,0.026865007,1.24992597
390,({'diamond earring'}),"({'diamond pendant', 'diamond necklace', 'diamond ring'})",0.552117264,0.123778502,0.09771987,0.17699115,1.429902189,0.029379622,1.064656229
391,({'diamond ring'}),"({'diamond pendant', 'diamond necklace', 'diamond earring'})",0.785016287,0.104234528,0.09771987,0.124481328,1.194242739,0.015894068,1.023125492
392,"({'diamond pendant', 'diamond earring', 'multi tourmaline'})",({'diamond ring'}),0.107491857,0.785016287,0.099348534,0.924242424,1.177354457,0.014965676,2.837785016
393,"({'diamond pendant', 'diamond earring', 'diamond ring'})",({'multi tourmaline'}),0.345276873,0.237785016,0.099348534,0.287735849,1.210067201,0.017246867,1.070129646
394,"({'diamond pendant', 'multi tourmaline', 'diamond ring'})",({'diamond earring'}),0.125407166,0.552117264,0.099348534,0.792207792,1.434854231,0.030109073,2.155435668
395,"({'diamond earring', 'multi tourmaline', 'diamond ring'})",({'diamond pendant'}),0.131921824,0.560260586,0.099348534,0.75308642,1.344171691,0.025437936,1.780944625
396,"({'diamond pendant', 'diamond earring'})","({'multi tourmaline', 'diamond ring'})",0.385993485,0.188925081,0.099348534,0.257383966,1.362359959,0.026424684,1.092186112
397,"({'diamond pendant', 'multi tourmaline'})","({'diamond earring', 'diamond ring'})",0.143322476,0.46742671,0.099348534,0.693181818,1.482974343,0.032355781,1.735794426
398,"({'diamond pendant', 'diamond ring'})","({'diamond earring', 'multi tourmaline'})",0.472312704,0.148208469,0.099348534,0.210344828,1.419249716,0.029347791,1.078687965
399,"({'diamond earring', 'multi tourmaline'})","({'diamond pendant', 'diamond ring'})",0.148208469,0.472312704,0.099348534,0.67032967,1.419249716,0.029347791,1.600651466
400,"({'diamond earring', 'diamond ring'})","({'diamond pendant', 'multi tourmaline'})",0.46742671,0.143322476,0.099348534,0.212543554,1.482974343,0.032355781,1.087904644
401,"({'multi tourmaline', 'diamond ring'})","({'diamond pendant', 'diamond earring'})",0.188925081,0.385993485,0.099348534,0.525862069,1.362359959,0.026424684,1.294995558
402,({'diamond pendant'}),"({'diamond earring', 'multi tourmaline', 'diamond ring'})",0.560260586,0.131921824,0.099348534,0.177325581,1.344171691,0.025437936,1.055190433
403,({'diamond earring'}),"({'diamond pendant', 'multi tourmaline', 'diamond ring'})",0.552117264,0.125407166,0.099348534,0.179941003,1.434854231,0.030109073,1.066499895
404,({'multi tourmaline'}),"({'diamond pendant', 'diamond earring', 'diamond ring'})",0.237785016,0.345276873,0.099348534,0.417808219,1.210067201,0.017246867,1.124583253
405,({'diamond ring'}),"({'diamond pendant', 'diamond earring', 'multi tourmaline'})",0.785016287,0.107491857,0.099348534,0.126556017,1.177354457,0.014965676,1.021826425
406,"({'diamond pendant', 'diamond earring', 'diamond bracelet', 'diamond ring'})",({'diamond'}),0.197068404,0.306188925,0.092833876,0.47107438,1.53850888,0.032493713,1.311736564
407,"({'diamond pendant', 'diamond', 'diamond bracelet', 'diamond ring'})",({'diamond earring'}),0.115635179,0.552117264,0.092833876,0.802816901,1.45406955,0.028989698,2.271405305
408,"({'diamond pendant', 'diamond earring', 'diamond', 'diamond bracelet'})",({'diamond ring'}),0.096091205,0.785016287,0.092833876,0.966101695,1.230677263,0.017400715,6.342019544
409,"({'diamond pendant', 'diamond earring', 'diamond', 'diamond ring'})",({'diamond bracelet'}),0.156351792,0.428338762,0.092833876,0.59375,1.386169202,0.025862343,1.407166124
410,"({'diamond earring', 'diamond', 'diamond bracelet', 'diamond ring'})",({'diamond pendant'}),0.115635179,0.560260586,0.092833876,0.802816901,1.432934818,0.028048043,2.230107027
411,"({'diamond pendant', 'diamond bracelet', 'diamond ring'})","({'diamond earring', 'diamond'})",0.255700326,0.208469055,0.092833876,0.363057325,1.741540605,0.039528271,1.242703583
412,"({'diamond pendant', 'diamond earring', 'diamond bracelet'})","({'diamond', 'diamond ring'})",0.208469055,0.267100977,0.092833876,0.4453125,1.667206555,0.037151588,1.321282745
413,"({'diamond pendant', 'diamond', 'diamond bracelet'})","({'diamond earring', 'diamond ring'})",0.120521173,0.46742671,0.092833876,0.77027027,1.647895282,0.036499061,2.318260203
414,"({'diamond pendant', 'diamond earring', 'diamond ring'})","({'diamond', 'diamond bracelet'})",0.345276873,0.16286645,0.092833876,0.268867925,1.650849057,0.036599858,1.144982663
415,"({'diamond pendant', 'diamond', 'diamond ring'})","({'diamond earring', 'diamond bracelet'})",0.195439739,0.291530945,0.092833876,0.475,1.629329609,0.035857144,1.349464867
416,"({'diamond pendant', 'diamond earring', 'diamond'})","({'diamond bracelet', 'diamond ring'})",0.166123779,0.374592834,0.092833876,0.558823529,1.491815857,0.030605099,1.417589577
417,"({'diamond earring', 'diamond bracelet', 'diamond ring'})","({'diamond pendant', 'diamond'})",0.268729642,0.21009772,0.092833876,0.345454545,1.644256519,0.036374391,1.20679515
418,"({'diamond', 'diamond bracelet', 'diamond ring'})","({'diamond pendant', 'diamond earring'})",0.156351792,0.385993485,0.092833876,0.59375,1.538238397,0.032483103,1.511400651
419,"({'diamond earring', 'diamond', 'diamond bracelet'})","({'diamond pendant', 'diamond ring'})",0.118892508,0.472312704,0.092833876,0.780821918,1.653188474,0.036679434,2.40757329
420,"({'diamond earring', 'diamond', 'diamond ring'})","({'diamond pendant', 'diamond bracelet'})",0.193811075,0.278501629,0.092833876,0.478991597,1.719887955,0.038857176,1.38481139
421,"({'diamond pendant', 'diamond bracelet'})","({'diamond earring', 'diamond', 'diamond ring'})",0.278501629,0.193811075,0.092833876,0.333333333,1.719887955,0.038857176,1.209283388
422,"({'diamond pendant', 'diamond ring'})","({'diamond earring', 'diamond', 'diamond bracelet'})",0.472312704,0.118892508,0.092833876,0.196551724,1.653188474,0.036679434,1.096657393
423,"({'diamond pendant', 'diamond earring'})","({'diamond', 'diamond bracelet', 'diamond ring'})",0.385993485,0.156351792,0.092833876,0.240506329,1.538238397,0.032483103,1.110803474
424,"({'diamond pendant', 'diamond'})","({'diamond earring', 'diamond bracelet', 'diamond ring'})",0.21009772,0.268729642,0.092833876,0.441860465,1.644256519,0.036374391,1.310192725
425,"({'diamond bracelet', 'diamond ring'})","({'diamond pendant', 'diamond earring', 'diamond'})",0.374592834,0.166123779,0.092833876,0.247826087,1.491815857,0.030605099,1.108621566
426,"({'diamond earring', 'diamond bracelet'})","({'diamond pendant', 'diamond', 'diamond ring'})",0.291530945,0.195439739,0.092833876,0.318435754,1.629329609,0.035857144,1.180461366
427,"({'diamond', 'diamond bracelet'})","({'diamond pendant', 'diamond earring', 'diamond ring'})",0.16286645,0.345276873,0.092833876,0.57,1.650849057,0.036599858,1.522611923
428,"({'diamond earring', 'diamond ring'})","({'diamond pendant', 'diamond', 'diamond bracelet'})",0.46742671,0.120521173,0.092833876,0.198606272,1.647895282,0.036499061,1.097436624
429,"({'diamond', 'diamond ring'})","({'diamond pendant', 'diamond earring', 'diamond bracelet'})",0.267100977,0.208469055,0.092833876,0.347560976,1.667206555,0.037151588,1.213187616
430,"({'diamond earring', 'diamond'})","({'diamond pendant', 'diamond bracelet', 'diamond ring'})",0.208469055,0.255700326,0.092833876,0.4453125,1.741540605,0.039528271,1.341836032
431,({'diamond pendant'}),"({'diamond earring', 'diamond', 'diamond bracelet', 'diamond ring'})",0.560260586,0.115635179,0.092833876,0.165697674,1.432934818,0.028048043,1.060005221
432,({'diamond bracelet'}),"({'diamond pendant', 'diamond earring', 'diamond', 'diamond ring'})",0.428338762,0.156351792,0.092833876,0.216730038,1.386169202,0.025862343,1.077084849
433,({'diamond ring'}),"({'diamond pendant', 'diamond earring', 'diamond', 'diamond bracelet'})",0.785016287,0.096091205,0.092833876,0.118257261,1.230677263,0.017400715,1.025138916
434,({'diamond earring'}),"({'diamond pendant', 'diamond', 'diamond bracelet', 'diamond ring'})",0.552117264,0.115635179,0.092833876,0.168141593,1.45406955,0.028989698,1.063119412
435,({'diamond'}),"({'diamond pendant', 'diamond earring', 'diamond bracelet', 'diamond ring'})",0.306188925,0.197068404,0.092833876,0.303191489,1.53850888,0.032493713,1.152298779
